source,target,status
https://sarahbarns.me/about-me,https://sarahbarns.com/about,301
https://sarahbarns.me/blog,https://sarahbarns.com/writing,301
https://sarahbarns.me/contact,https://sarahbarns.com/about,301
https://sarahbarns.me/contact-me,https://sarahbarns.com/about,301
https://sarahbarns.me/creative,https://sarahbarns.com/creative,301
https://sarahbarns.me/dataforcities,https://sarahbarns.com/research,301
https://sarahbarns.me/home,https://sarahbarns.com/,301
https://sarahbarns.me/mapping-liveability,https://sarahbarns.com/research,301
https://sarahbarns.me/more-about-me,https://sarahbarns.com/about,301
https://sarahbarns.me/new-cover-page,https://sarahbarns.com/,301
https://sarahbarns.me/presentations,https://sarahbarns.com/research,301
https://sarahbarns.me/projects-news,https://sarahbarns.com/highlights,301
https://sarahbarns.me/projects-news/2016/9/6/the-light-is-the-body-of-the-eye-reflections-on-rutherford,https://sarahbarns.com/highlights,301
https://sarahbarns.me/projects-news/category/creative,https://sarahbarns.com/highlights,301
https://sarahbarns.me/projects-news/category/rutherford,https://sarahbarns.com/highlights,301
https://sarahbarns.me/publicspeaking,https://sarahbarns.com/research,301
https://sarahbarns.me/publicspeaking/2019/1/30/arrivals-and-departures-at-barangaroo,https://sarahbarns.com/research,301
https://sarahbarns.me/publicspeaking/2019/1/30/cities-in-the-age-of-the-platform-keynote,https://sarahbarns.com/research,301
https://sarahbarns.me/publicspeaking/2019/1/30/conferences-and-presentations,https://sarahbarns.com/research,301
https://sarahbarns.me/publicspeaking/2019/1/30/platform-architecture,https://sarahbarns.com/research,301
https://sarahbarns.me/publicspeaking/2019/1/30/platform-urbanism-presentation-glasgow-2016,https://sarahbarns.com/research,301
https://sarahbarns.me/publicspeaking/2020/3/15/scene-on-a-train-an-excerpt-from-platform-urbanism-book,https://sarahbarns.com/research,301
https://sarahbarns.me/publicspeaking/2024/10/21/designing-places-for-purpose-keynote-presentation-to-place-innovation-forum-urban-land-institute-delhi,https://sarahbarns.com/research,301
https://sarahbarns.me/publicspeaking/category/smart+cities,https://sarahbarns.com/research,301
https://sarahbarns.me/publicspeaking/category/talk,https://sarahbarns.com/research,301
https://sarahbarns.me/publicspeaking/smart-cities-melb,https://sarahbarns.com/research,301
https://sarahbarns.me/publicspeaking/tag/platform+urbanism,https://sarahbarns.com/research,301
https://sarahbarns.me/research,https://sarahbarns.com/research,301
https://sarahbarns.me/strategy,https://sarahbarns.com/strategy,301
https://sarahbarns.me/strategy-reports,https://sarahbarns.com/strategy,301
https://sarahbarns.me/urban-digital-strategy,https://sarahbarns.com/research,301
https://sarahbarns.me/work-1,https://sarahbarns.com/highlights,301
https://sarahbarns.me/work-categories,https://sarahbarns.com/highlights,301
https://sarahbarns.me/writing,https://sarahbarns.com/writing,301
https://sarahbarns.me/writing-essays,https://sarahbarns.com/writing,301
https://sarahbarns.me/writing-featured,https://sarahbarns.com/writing,301
https://sarahbarns.me/writing/2016/11/27/remember-your-place-in-the-digital-age,https://sarahbarns.com/writing,301
https://sarahbarns.me/writing/2016/9/10/appyland-or-geekistan-the-open-questions-of-open-data,https://sarahbarns.com/writing,301
https://sarahbarns.me/writing/2016/9/10/thinking-spaces-a-new-physical-interactive,https://sarahbarns.com/writing,301
https://sarahbarns.me/writing/2016/9/10/this-is-parramatta,https://sarahbarns.com/writing,301
https://sarahbarns.me/writing/2016/9/11/when-two-worlds-collide-data-strategy-and-strategic-planning-for-smart-governance,https://sarahbarns.com/writing,301
https://sarahbarns.me/writing/2016/9/3/keynote-cities-in-the-age-of-the-platform,https://sarahbarns.com/writing,301
https://sarahbarns.me/writing/2016/9/3/thinking-the-smart-city-from-smart-to-data-smart,https://sarahbarns.com/writing,301
https://sarahbarns.me/writing/2016/9/5/mine-your-data-open-data-digital-strategies-and-entrepreneurial-governance-by-code,https://sarahbarns.com/writing,301
https://sarahbarns.me/writing/2016/9/6/what-might-jane-jacobs-say-about-smart-cities,https://sarahbarns.com/writing,301
https://sarahbarns.me/writing/2016/9/7/rutherford-project,https://sarahbarns.com/writing,301
https://sarahbarns.me/writing/2016/9/8/platform-urbanism-the-politics-and-practices-of-data-driven-urbanism,https://sarahbarns.com/writing,301
https://sarahbarns.me/writing/2016/9/8/sounds-different-listening-to-the-city,https://sarahbarns.com/writing,301
https://sarahbarns.me/writing/2016/9/8/valuing-open-data-not-so-simple-simon,https://sarahbarns.com/writing,301
https://sarahbarns.me/writing/2016/9/9/radiant-matter,https://sarahbarns.com/writing,301
https://sarahbarns.me/writing/2018/2/1/can-a-tech-company-build-a-city-ask-google,https://sarahbarns.com/writing,301
https://sarahbarns.me/writing/2018/2/1/from-smart-cities-10-to-20-its-not-only-about-the-tech,https://sarahbarns.com/writing,301
https://sarahbarns.me/writing/2018/2/1/from-url-to-irl-reflections-on-urban-digital-possibilities,https://sarahbarns.com/writing,301
https://sarahbarns.me/writing/2019/1/30/re-imagining-parramatta-negotiating-the-arrival-of-australias-next-great-city,https://sarahbarns.com/writing,301
https://sarahbarns.me/writing/2020/10/21/platform-urbanism-and-the-governance-of-cities,https://sarahbarns.com/writing,301
https://sarahbarns.me/writing/2020/10/21/the-end-of-the-city-no-not-quite,https://sarahbarns.com/writing,301
https://sarahbarns.me/writing/2020/3/15/you-me-data-and-the-city,https://sarahbarns.com/writing,301
https://sarahbarns.me/writing/2020/4/30/lets-get-contract-tracing-right-how-we-build-these-apps-is-how-were-building-our-digital-future,https://sarahbarns.com/writing,301
https://sarahbarns.me/writing/2020/4/30/making-space-what-does-the-coronavirus-mean-for-australian-cities,https://sarahbarns.com/writing,301
https://sarahbarns.me/writing/2021/6/23/jackhammer-nation-australia-has-invested-heavily-in-a-construction-fuelled-recovery-but-at-what-cost,https://sarahbarns.com/writing,301
https://sarahbarns.me/writing/better-outdoors,https://sarahbarns.com/writing,301
https://sarahbarns.me/writing/category/creative,https://sarahbarns.com/writing,301
https://sarahbarns.me/writing/category/digital+prototypes,https://sarahbarns.com/writing,301
https://sarahbarns.me/writing/category/featured,https://sarahbarns.com/writing,301
https://sarahbarns.me/writing/category/provocation,https://sarahbarns.com/writing,301
https://sarahbarns.me/writing/category/published+writing,https://sarahbarns.com/writing,301
https://sarahbarns.me/writing/category/research+publication,https://sarahbarns.com/writing,301
https://sarahbarns.me/writing/category/rutherford,https://sarahbarns.com/writing,301
https://sarahbarns.me/writing/category/smart+cities,https://sarahbarns.com/writing,301
https://sarahbarns.me/writing/category/talks,https://sarahbarns.com/writing,301
https://sarahbarns.me/writing/pivot-city,https://sarahbarns.com/writing,301
https://sarahbarns.me/writing/platform-urbanism,https://sarahbarns.com/writing,301
https://sarahbarns.me/writing/tag/biophilia,https://sarahbarns.com/writing,301
https://sarahbarns.me/writing/tag/cities,https://sarahbarns.com/writing,301
https://sarahbarns.me/writing/tag/coronavirus,https://sarahbarns.com/writing,301
https://sarahbarns.me/writing/tag/digital+placemaking,https://sarahbarns.com/writing,301
https://sarahbarns.me/writing/tag/healthy+cities,https://sarahbarns.com/writing,301
https://sarahbarns.me/writing/tag/listening,https://sarahbarns.com/writing,301
https://sarahbarns.me/writing/tag/new,https://sarahbarns.com/writing,301
https://sarahbarns.me/writing/tag/open+data,https://sarahbarns.com/writing,301
https://sarahbarns.me/writing/tag/parramatta,https://sarahbarns.com/writing,301
https://sarahbarns.me/writing/tag/place-making,https://sarahbarns.com/writing,301
https://sarahbarns.me/writing/tag/placemaking,https://sarahbarns.com/writing,301
https://sarahbarns.me/writing/tag/platform+urbanism,https://sarahbarns.com/writing,301
https://sarahbarns.me/writing/tag/practice,https://sarahbarns.com/writing,301
https://sarahbarns.me/writing/tag/public+space+media,https://sarahbarns.com/writing,301
https://sarahbarns.me/writing/tag/shared+spaces,https://sarahbarns.com/writing,301
https://sarahbarns.me/writing/tag/smart+cities,https://sarahbarns.com/writing,301
https://sarahbarns.me/writing/tag/sound+history,https://sarahbarns.com/writing,301
https://sarahbarns.me/writing/tag/sustainability,https://sarahbarns.com/writing,301
https://sarahbarns.me/writing/tag/uber,https://sarahbarns.com/writing,301
https://sarahbarns.me/writing/tag/urban+futures,https://sarahbarns.com/writing,301
